frame_num,x,y,visible
0,1.1583333333333334,0.25390625,0
