frame_num,x,y,visible
0,1.1166666666666667,0.23046875,0
