frame_num,x,y,visible
0,1.3430555555555554,0.31953125,0
