frame_num,x,y,visible
0,1.2333333333333334,0.303125,0
