frame_num,x,y,visible
0,0.8027777777777778,0.15625,0
