frame_num,x,y,visible
0,1.1347222222222222,0.17578125,0
