frame_num,x,y,visible
0,0.5902777777777778,0.31953125,0
