frame_num,x,y,visible
0,0.6111111111111112,0.19921875,0
