frame_num,x,y,visible
0,0.6819444444444445,0.13984375,0
