frame_num,x,y,visible
0,1.3847222222222222,0.3265625,0
