frame_num,x,y,visible
0,1.261111111111111,0.33828125,0
