frame_num,x,y,visible
0,0.9458333333333333,0.08125,0
