frame_num,x,y,visible
0,1.023611111111111,0.0703125,0
