frame_num,x,y,visible
0,1.288888888888889,0.3640625,0
