frame_num,x,y,visible
0,0.7722222222222223,0.26640625,0
