frame_num,x,y,visible
0,0.6583333333333333,0.14921875,0
