frame_num,x,y,visible
0,0.6958333333333333,0.084375,0
