frame_num,x,y,visible
0,1.301388888888889,0.46484375,0
