frame_num,x,y,visible
0,1.0916666666666666,0.17734375,0
