frame_num,x,y,visible
0,0.6166666666666667,0.31640625,0
