frame_num,x,y,visible
0,1.2236111111111112,0.0109375,0
