frame_num,x,y,visible
0,0.8277777777777777,0.32734375,0
