frame_num,x,y,visible
0,0.8805555555555555,0.17578125,0
