frame_num,x,y,visible
0,1.2861111111111112,0.359375,0
