frame_num,x,y,visible
0,1.0319444444444446,0.1140625,0
