frame_num,x,y,visible
0,0.9736111111111111,0.15078125,0
