frame_num,x,y,visible
0,0.6638888888888889,0.1453125,0
