frame_num,x,y,visible
0,1.0597222222222222,0.09296875,0
