frame_num,x,y,visible
0,1.1027777777777779,0.134375,0
