frame_num,x,y,visible
0,0.8166666666666667,0.23671875,0
