frame_num,x,y,visible
0,0.7319444444444444,0.13515625,0
