frame_num,x,y,visible
0,1.0472222222222223,0.22890625,0
