frame_num,x,y,visible
0,0.9263888888888889,0.02578125,0
