frame_num,x,y,visible
0,0.6263888888888889,0.17890625,0
