frame_num,x,y,visible
0,1.1111111111111112,0.30859375,0
