frame_num,x,y,visible
0,0.5486111111111112,0.32890625,0
