frame_num,x,y,visible
0,0.9069444444444444,0.22421875,0
