frame_num,x,y,visible
0,0.6222222222222222,0.13828125,0
