frame_num,x,y,visible
0,0.9777777777777777,0.0578125,0
