frame_num,x,y,visible
0,1.0277777777777777,0.24140625,0
