frame_num,x,y,visible
0,0.6097222222222223,0.37109375,0
