frame_num,x,y,visible
0,1.011111111111111,0.0640625,0
