frame_num,x,y,visible
0,1.1597222222222223,0.0796875,0
