frame_num,x,y,visible
0,1.1819444444444445,0.0765625,0
