frame_num,x,y,visible
0,0.41944444444444445,0.3078125,0
