frame_num,x,y,visible
0,0.3763888888888889,0.315625,0
