frame_num,x,y,visible
0,0.7027777777777777,0.06875,0
