frame_num,x,y,visible
0,1.351388888888889,0.5328125,0
