frame_num,x,y,visible
0,0.9277777777777778,0.2515625,0
