frame_num,x,y,visible
0,1.0888888888888888,0.2234375,0
