frame_num,x,y,visible
0,0.9833333333333333,0.1828125,0
