frame_num,x,y,visible
0,0.9583333333333334,0.1078125,0
