frame_num,x,y,visible
0,0.8569444444444444,0.20546875,0
