frame_num,x,y,visible
0,1.0083333333333333,0.309375,0
