frame_num,x,y,visible
0,0.9055555555555556,0.02890625,0
