frame_num,x,y,visible
0,1.2291666666666667,0.33984375,0
