frame_num,x,y,visible
0,0.7083333333333334,0.26796875,0
