frame_num,x,y,visible
0,0.8430555555555556,0.0671875,0
