frame_num,x,y,visible
0,1.1388888888888888,0.08359375,0
