frame_num,x,y,visible
0,1.0916666666666666,0.09296875,0
