frame_num,x,y,visible
0,0.9541666666666667,0.20078125,0
