frame_num,x,y,visible
0,0.5291666666666667,0.32890625,0
