frame_num,x,y,visible
0,1.136111111111111,0.23203125,0
