frame_num,x,y,visible
0,0.9486111111111111,0.32734375,0
