frame_num,x,y,visible
0,1.163888888888889,0.0828125,0
