frame_num,x,y,visible
0,1.2944444444444445,0.46875,0
