frame_num,x,y,visible
0,1.2791666666666666,0.36875,0
