frame_num,x,y,visible
0,0.7055555555555556,0.065625,0
