frame_num,x,y,visible
0,0.5555555555555556,0.4515625,0
