frame_num,x,y,visible
0,0.5930555555555556,0.22421875,0
