frame_num,x,y,visible
0,1.2819444444444446,0.36171875,0
