frame_num,x,y,visible
0,0.8055555555555556,0.1109375,0
