frame_num,x,y,visible
0,0.3416666666666667,0.32734375,0
