frame_num,x,y,visible
0,0.6208333333333333,0.20078125,0
