frame_num,x,y,visible
0,0.8416666666666667,0.2015625,0
