frame_num,x,y,visible
0,1.4666666666666666,0.34609375,0
