frame_num,x,y,visible
0,0.7097222222222223,0.0609375,0
