frame_num,x,y,visible
0,0.8291666666666667,0.33984375,0
