frame_num,x,y,visible
0,0.8444444444444444,0.0234375,0
