frame_num,x,y,visible
0,0.9430555555555555,0.16640625,0
