frame_num,x,y,visible
0,1.2041666666666666,0.0828125,0
