frame_num,x,y,visible
0,1.2833333333333334,0.35859375,0
