frame_num,x,y,visible
0,0.8805555555555555,0.0390625,0
