frame_num,x,y,visible
0,1.3208333333333333,0.471875,0
