frame_num,x,y,visible
0,1.2222222222222223,0.003125,0
