frame_num,x,y,visible
0,0.7305555555555555,0.3203125,0
