frame_num,x,y,visible
0,1.176388888888889,0.22734375,0
