frame_num,x,y,visible
0,0.8305555555555556,0.3640625,0
