frame_num,x,y,visible
0,1.2986111111111112,0.465625,0
