frame_num,x,y,visible
0,1.3083333333333333,0.41640625,0
