frame_num,x,y,visible
0,1.6652777777777779,0.403125,0
