frame_num,x,y,visible
0,1.1791666666666667,0.30859375,0
