frame_num,x,y,visible
0,0.9680555555555556,0.23515625,0
