frame_num,x,y,visible
0,1.3388888888888888,0.50234375,0
