frame_num,x,y,visible
0,1.2027777777777777,0.09609375,0
