frame_num,x,y,visible
0,0.7861111111111111,0.28984375,0
