frame_num,x,y,visible
0,1.0027777777777778,0.19375,0
