frame_num,x,y,visible
0,0.8152777777777778,0.25703125,0
