frame_num,x,y,visible
0,1.1055555555555556,0.2265625,0
