frame_num,x,y,visible
0,1.1736111111111112,0.27109375,0
