frame_num,x,y,visible
0,0.9097222222222222,0.3140625,0
