frame_num,x,y,visible
0,0.6847222222222222,0.1265625,0
