frame_num,x,y,visible
0,0.9902777777777778,0.38203125,0
