frame_num,x,y,visible
0,0.8236111111111111,0.2546875,0
