frame_num,x,y,visible
0,0.6708333333333333,0.34921875,0
