frame_num,x,y,visible
0,1.1930555555555555,0.1296875,0
