frame_num,x,y,visible
0,1.0083333333333333,0.20625,0
