frame_num,x,y,visible
0,1.2847222222222223,0.359375,0
