frame_num,x,y,visible
0,1.1055555555555556,0.090625,0
