frame_num,x,y,visible
0,1.0930555555555554,0.12421875,0
