frame_num,x,y,visible
0,0.7388888888888889,0.38984375,0
