frame_num,x,y,visible
0,1.0416666666666667,0.23359375,0
