frame_num,x,y,visible
0,0.9430555555555555,0.09375,0
