frame_num,x,y,visible
0,1.323611111111111,0.4765625,0
