frame_num,x,y,visible
0,0.5472222222222223,0.2296875,0
