frame_num,x,y,visible
0,0.9638888888888889,0.12734375,0
