frame_num,x,y,visible
0,0.9819444444444444,0.13671875,0
