frame_num,x,y,visible
0,1.1222222222222222,0.1390625,0
