frame_num,x,y,visible
0,0.56875,0.32083333333333336,0
