frame_num,x,y,visible
0,0.628125,0.4097222222222222,0
