frame_num,x,y,visible
0,0.4734375,0.3861111111111111,0
