frame_num,x,y,visible
0,0.7265625,0.7583333333333333,0
