frame_num,x,y,visible
0,0.6515625,0.4513888888888889,0
