frame_num,x,y,visible
0,0.27265625,0.7847222222222222,0
