frame_num,x,y,visible
0,0.43515625,0.27361111111111114,0
