frame_num,x,y,visible
0,0.46640625,0.32083333333333336,0
