frame_num,x,y,visible
0,0.65703125,0.26944444444444443,0
