frame_num,x,y,visible
0,0.33203125,0.5680555555555555,0
