frame_num,x,y,visible
0,0.53984375,0.3416666666666667,0
