frame_num,x,y,visible
0,0.9046875,0.6833333333333333,0
