frame_num,x,y,visible
0,0.5578125,0.3958333333333333,0
