frame_num,x,y,visible
0,0.57578125,0.7152777777777778,0
