frame_num,x,y,visible
0,0.63203125,0.41805555555555557,0
