frame_num,x,y,visible
0,0.55234375,0.10138888888888889,0
