frame_num,x,y,visible
0,0.64453125,0.38472222222222224,0
