frame_num,x,y,visible
0,0.534375,0.21944444444444444,0
