frame_num,x,y,visible
0,0.3953125,0.24583333333333332,0
