frame_num,x,y,visible
0,0.47890625,0.10555555555555556,0
