frame_num,x,y,visible
0,0.4984375,0.33194444444444443,0
