frame_num,x,y,visible
0,0.6109375,0.3611111111111111,0
