frame_num,x,y,visible
0,0.5421875,0.09027777777777778,0
