frame_num,x,y,visible
0,0.7203125,0.6513888888888889,0
