frame_num,x,y,visible
0,0.72578125,0.6611111111111111,0
