frame_num,x,y,visible
0,0.55703125,0.6791666666666667,0
