frame_num,x,y,visible
0,0.4453125,0.2222222222222222,0
