frame_num,x,y,visible
0,0.62578125,0.37222222222222223,0
