frame_num,x,y,visible
0,0.7359375,0.7402777777777778,0
