frame_num,x,y,visible
0,0.3390625,0.5638888888888889,0
