frame_num,x,y,visible
0,0.68828125,0.002777777777777778,0
