frame_num,x,y,visible
0,0.54765625,0.26805555555555555,0
