frame_num,x,y,visible
0,0.5640625,0.22361111111111112,0
