frame_num,x,y,visible
0,0.5328125,0.24722222222222223,0
