frame_num,x,y,visible
0,0.521875,0.44722222222222224,0
