frame_num,x,y,visible
0,0.6203125,0.2388888888888889,0
