frame_num,x,y,visible
0,0.35703125,0.30277777777777776,0
