frame_num,x,y,visible
0,0.53046875,0.29583333333333334,0
