frame_num,x,y,visible
0,0.47578125,0.03611111111111111,0
