frame_num,x,y,visible
0,0.59453125,0.4013888888888889,0
