frame_num,x,y,visible
0,0.378125,0.6194444444444445,0
