frame_num,x,y,visible
0,0.5328125,0.058333333333333334,0
