frame_num,x,y,visible
0,0.3890625,0.5652777777777778,0
