frame_num,x,y,visible
0,0.39609375,0.11944444444444445,0
