frame_num,x,y,visible
0,0.64921875,0.3472222222222222,0
