frame_num,x,y,visible
0,0.48671875,0.30972222222222223,0
