frame_num,x,y,visible
0,0.53359375,0.5819444444444445,0
