frame_num,x,y,visible
0,0.459375,0.42083333333333334,0
