frame_num,x,y,visible
0,0.40078125,0.10972222222222222,0
