frame_num,x,y,visible
0,0.63359375,0.15138888888888888,0
