frame_num,x,y,visible
0,0.39765625,0.1111111111111111,0
