frame_num,x,y,visible
0,0.56875,0.11388888888888889,0
