frame_num,x,y,visible
0,0.57734375,0.7583333333333333,0
