frame_num,x,y,visible
0,0.73671875,0.8236111111111111,0
