frame_num,x,y,visible
0,0.47421875,0.11944444444444445,0
