frame_num,x,y,visible
0,0.678125,0.6222222222222222,0
