frame_num,x,y,visible
0,0.62890625,0.31805555555555554,0
