frame_num,x,y,visible
0,0.38671875,0.20833333333333334,0
