frame_num,x,y,visible
0,0.703125,0.44027777777777777,0
