frame_num,x,y,visible
0,0.5390625,0.19166666666666668,0
