frame_num,x,y,visible
0,0.45390625,0.42777777777777776,0
