frame_num,x,y,visible
0,0.79921875,0.5958333333333333,0
