frame_num,x,y,visible
0,0.7140625,0.6388888888888888,0
