frame_num,x,y,visible
0,0.66484375,0.1361111111111111,0
