frame_num,x,y,visible
0,0.42265625,0.33194444444444443,0
