frame_num,x,y,visible
0,0.53984375,0.18333333333333332,0
