frame_num,x,y,visible
0,0.353125,0.5583333333333333,0
