frame_num,x,y,visible
0,0.41875,0.5541666666666667,0
