frame_num,x,y,visible
0,0.359375,0.2902777777777778,0
