frame_num,x,y,visible
0,0.4953125,0.06944444444444445,0
