frame_num,x,y,visible
0,0.51328125,0.04861111111111111,0
