frame_num,x,y,visible
0,0.49140625,0.42916666666666664,0
