frame_num,x,y,visible
0,0.42890625,0.3013888888888889,0
