frame_num,x,y,visible
0,0.53671875,0.35694444444444445,0
