frame_num,x,y,visible
0,0.434375,0.4736111111111111,0
