frame_num,x,y,visible
0,0.37578125,0.25555555555555554,0
