frame_num,x,y,visible
0,0.578125,0.42916666666666664,0
