frame_num,x,y,visible
0,0.6453125,0.30833333333333335,0
