frame_num,x,y,visible
0,0.55390625,0.35138888888888886,0
