frame_num,x,y,visible
0,0.42265625,0.4444444444444444,0
