frame_num,x,y,visible
0,0.878125,0.6583333333333333,0
