frame_num,x,y,visible
0,0.5296875,0.14305555555555555,0
