frame_num,x,y,visible
0,0.49609375,0.25416666666666665,0
