frame_num,x,y,visible
0,0.68828125,0.004166666666666667,0
