frame_num,x,y,visible
0,0.53203125,0.05555555555555555,0
