frame_num,x,y,visible
0,0.59453125,0.5166666666666667,0
