frame_num,x,y,visible
0,0.4703125,0.5055555555555555,0
