frame_num,x,y,visible
0,0.5359375,0.1638888888888889,0
