frame_num,x,y,visible
0,0.47421875,0.06111111111111111,0
