frame_num,x,y,visible
0,0.96875,0.7486111111111111,0
