frame_num,x,y,visible
0,0.39921875,0.10833333333333334,0
