frame_num,x,y,visible
0,0.51875,0.04583333333333333,0
