frame_num,x,y,visible
0,0.64609375,0.5791666666666667,0
