frame_num,x,y,visible
0,0.40390625,0.43472222222222223,0
