frame_num,x,y,visible
0,0.73359375,0.8236111111111111,0
