frame_num,x,y,visible
0,0.41484375,0.5194444444444445,0
