frame_num,x,y,visible
0,0.38828125,0.18194444444444444,0
