frame_num,x,y,visible
0,0.58046875,0.20277777777777778,0
