frame_num,x,y,visible
0,0.4359375,0.5222222222222223,0
