frame_num,x,y,visible
0,0.59609375,0.16527777777777777,0
