frame_num,x,y,visible
0,0.46640625,0.6236111111111111,0
