frame_num,x,y,visible
0,0.75859375,0.9291666666666667,0
