frame_num,x,y,visible
0,0.528125,0.5638888888888889,0
