frame_num,x,y,visible
0,0.540625,0.08333333333333333,0
