frame_num,x,y,visible
0,0.71875,0.6638888888888889,0
