frame_num,x,y,visible
0,0.7265625,0.7138888888888889,0
