frame_num,x,y,visible
0,0.52890625,0.28888888888888886,0
