frame_num,x,y,visible
0,0.61015625,0.6861111111111111,0
