frame_num,x,y,visible
0,0.4734375,0.35833333333333334,0
