frame_num,x,y,visible
0,0.51484375,0.4583333333333333,0
