frame_num,x,y,visible
0,0.47890625,0.5458333333333333,0
