frame_num,x,y,visible
0,0.49921875,0.2916666666666667,0
