frame_num,x,y,visible
0,0.51015625,0.39861111111111114,0
