frame_num,x,y,visible
0,0.390625,0.1597222222222222,0
