frame_num,x,y,visible
0,0.6078125,0.17222222222222222,0
