frame_num,x,y,visible
0,0.54140625,0.2013888888888889,0
