frame_num,x,y,visible
0,0.459375,0.46944444444444444,0
