frame_num,x,y,visible
0,0.37890625,0.25277777777777777,0
