frame_num,x,y,visible
0,0.65546875,0.5930555555555556,0
