frame_num,x,y,visible
0,0.30859375,0.5847222222222223,0
