frame_num,x,y,visible
0,0.3734375,0.25833333333333336,0
