frame_num,x,y,visible
0,0.50625,0.05416666666666667,0
