frame_num,x,y,visible
0,0.63671875,0.2972222222222222,0
