frame_num,x,y,visible
0,0.45546875,0.18333333333333332,0
