frame_num,x,y,visible
0,0.4921875,0.0763888888888889,0
