frame_num,x,y,visible
0,0.55859375,0.2833333333333333,0
