frame_num,x,y,visible
0,0.71875,0.6722222222222223,0
