frame_num,x,y,visible
0,0.7390625,0.8291666666666667,0
