frame_num,x,y,visible
0,0.36875,0.7041666666666667,0
