frame_num,x,y,visible
0,0.70546875,0.6694444444444444,0
