frame_num,x,y,visible
0,0.2359375,0.5472222222222223,0
