frame_num,x,y,visible
0,0.67734375,0.46944444444444444,0
