frame_num,x,y,visible
0,0.66015625,0.48194444444444445,0
