frame_num,x,y,visible
0,0.73359375,0.5541666666666667,0
