frame_num,x,y,visible
0,0.34921875,0.35694444444444445,0
