frame_num,x,y,visible
0,0.40390625,0.5486111111111112,0
