frame_num,x,y,visible
0,0.396875,0.6055555555555555,0
