frame_num,x,y,visible
0,0.68515625,0.5111111111111111,0
