frame_num,x,y,visible
0,0.515625,0.04722222222222222,0
