frame_num,x,y,visible
0,0.3984375,0.10972222222222222,0
