frame_num,x,y,visible
0,0.53046875,0.18472222222222223,0
