frame_num,x,y,visible
0,0.3953125,0.12222222222222222,0
