frame_num,x,y,visible
0,0.51875,0.3194444444444444,0
