frame_num,x,y,visible
0,0.5328125,0.15138888888888888,0
