frame_num,x,y,visible
0,0.55859375,0.10416666666666667,0
