frame_num,x,y,visible
0,0.5296875,0.24444444444444444,0
