frame_num,x,y,visible
0,0.54609375,0.25277777777777777,0
