frame_num,x,y,visible
0,0.59609375,0.3416666666666667,0
