frame_num,x,y,visible
0,0.5296875,0.3333333333333333,0
