frame_num,x,y,visible
0,0.48203125,0.36527777777777776,0
