frame_num,x,y,visible
0,0.46796875,0.45555555555555555,0
