frame_num,x,y,visible
0,0.57421875,0.2777777777777778,0
