frame_num,x,y,visible
0,0.51015625,0.3111111111111111,0
