frame_num,x,y,visible
0,0.47734375,0.03888888888888889,0
