frame_num,x,y,visible
0,0.56171875,0.4513888888888889,0
