frame_num,x,y,visible
0,0.45859375,0.45694444444444443,0
