frame_num,x,y,visible
0,0.590625,0.40555555555555556,0
