frame_num,x,y,visible
0,0.6046875,0.19027777777777777,0
