frame_num,x,y,visible
0,0.6359375,0.5708333333333333,0
