frame_num,x,y,visible
0,0.7203125,0.6458333333333334,0
