frame_num,x,y,visible
0,0.6765625,0.17083333333333334,0
