frame_num,x,y,visible
0,0.54375,0.09583333333333334,0
