frame_num,x,y,visible
0,0.55078125,0.30416666666666664,0
