frame_num,x,y,visible
0,0.73046875,0.8277777777777777,0
