frame_num,x,y,visible
0,0.7359375,0.8472222222222222,0
