frame_num,x,y,visible
0,0.54609375,0.38472222222222224,0
