frame_num,x,y,visible
0,0.6796875,0.5472222222222223,0
