frame_num,x,y,visible
0,0.47265625,0.3611111111111111,0
