frame_num,x,y,visible
0,0.321875,0.7513888888888889,0
