frame_num,x,y,visible
0,0.53125,0.2833333333333333,0
