frame_num,x,y,visible
0,0.721875,0.6388888888888888,0
