frame_num,x,y,visible
0,0.60859375,0.33055555555555555,0
