frame_num,x,y,visible
0,0.56484375,0.10972222222222222,0
