frame_num,x,y,visible
0,0.53046875,0.3055555555555556,0
