frame_num,x,y,visible
0,0.6546875,0.14722222222222223,0
