frame_num,x,y,visible
0,0.72578125,0.7777777777777778,0
