frame_num,x,y,visible
0,0.46328125,0.40694444444444444,0
