frame_num,x,y,visible
0,0.53359375,0.2152777777777778,0
