frame_num,x,y,visible
0,0.534375,0.2111111111111111,0
