frame_num,x,y,visible
0,0.6890625,0.004166666666666667,0
