frame_num,x,y,visible
0,0.71015625,0.7111111111111111,0
