frame_num,x,y,visible
0,0.5546875,0.4083333333333333,0
