frame_num,x,y,visible
0,0.46328125,0.42777777777777776,0
