frame_num,x,y,visible
0,0.74453125,0.8472222222222222,0
