frame_num,x,y,visible
0,0.57265625,0.4111111111111111,0
