frame_num,x,y,visible
0,0.53046875,0.16666666666666666,0
