frame_num,x,y,visible
0,0.53828125,0.3236111111111111,0
