frame_num,x,y,visible
0,0.415625,0.6930555555555555,0
