frame_num,x,y,visible
0,0.57890625,0.3541666666666667,0
