frame_num,x,y,visible
0,0.67109375,0.23055555555555557,0
