frame_num,x,y,visible
0,0.72734375,0.7972222222222223,0
