frame_num,x,y,visible
0,0.509375,0.4013888888888889,0
