frame_num,x,y,visible
0,0.4484375,0.3402777777777778,0
