frame_num,x,y,visible
0,0.63125,0.24722222222222223,0
