frame_num,x,y,visible
0,1.2458333333333333,0.37265625,0
