frame_num,x,y,visible
0,0.51171875,0.4847222222222222,0
