frame_num,x,y,visible
0,0.9444444444444444,0.0859375,0
