frame_num,x,y,visible
0,1.1847222222222222,0.340625,0
