frame_num,x,y,visible
0,0.59609375,0.23333333333333334,0
