frame_num,x,y,visible,trajectory
0,0.7736111111111111,0.15390625,0,0
