frame_num,x,y,visible
0,0.6694444444444444,0.38125,0
