frame_num,x,y,visible
0,0.6791666666666667,0.315625,0
