frame_num,x,y,visible
0,0.5515625,0.3194444444444444,0
