frame_num,x,y,visible
0,0.57421875,0.32916666666666666,0
