frame_num,x,y,visible
0,0.46484375,0.4111111111111111,0
