frame_num,x,y,visible
0,0.53671875,0.24583333333333332,0
