frame_num,x,y,visible
0,0.5921875,0.3597222222222222,0
