frame_num,x,y,visible
0,0.4046875,0.21944444444444444,0
