frame_num,x,y,visible
0,1.1541666666666666,0.25234375,0
