frame_num,x,y,visible,trajectory
0,0.8291666666666667,0.18046875,0,0
