frame_num,x,y,visible,trajectory
0,1.1680555555555556,0.1515625,0,0
