frame_num,x,y,visible
0,0.64296875,0.48333333333333334,0
