frame_num,x,y,visible
0,0.54140625,0.30694444444444446,0
