frame_num,x,y,visible
0,0.4109375,0.44027777777777777,0
