frame_num,x,y,visible
0,0.428125,0.5277777777777778,0
