frame_num,x,y,visible,trajectory
0,0.6319444444444444,0.32734375,0,0
