frame_num,x,y,visible
0,0.6319444444444444,0.32734375,0
