frame_num,x,y,visible,trajectory
0,0.9180555555555555,0.16875,0,0
