frame_num,x,y,visible
0,0.3078125,0.4083333333333333,0
