frame_num,x,y,visible,trajectory
0,0.9597222222222223,0.1921875,0,2
