frame_num,x,y,visible
0,0.8263888888888888,0.23125,0
