frame_num,x,y,visible,trajectory
0,1.0208333333333333,0.18515625,0,1
