frame_num,x,y,visible
0,1.6083333333333334,0.384375,0
