frame_num,x,y,visible,trajectory
0,0.8263888888888888,0.23125,0,0
