frame_num,x,y,visible
0,0.2765625,0.32222222222222224,0
