frame_num,x,y,visible
0,0.51171875,0.5583333333333333,0
