frame_num,x,y,visible,trajectory
0,1.023611111111111,0.40234375,0,0
