frame_num,x,y,visible
0,0.9805555555555555,0.1796875,0
