frame_num,x,y,visible,trajectory
0,0.9805555555555555,0.1796875,0,2
