frame_num,x,y,visible
0,0.7234375,0.7444444444444445,0
