frame_num,x,y,visible
0,0.7140625,0.49027777777777776,0
