frame_num,x,y,visible,trajectory
0,0.8069444444444445,0.28515625,0,0
