frame_num,x,y,visible
0,0.8069444444444445,0.28515625,0
