frame_num,x,y,visible,trajectory
0,1.1236111111111111,0.23515625,0,0
