frame_num,x,y,visible,trajectory
0,0.7652777777777777,0.29921875,0,0
