frame_num,x,y,visible,trajectory
0,0.9819444444444444,0.05703125,0,0
