frame_num,x,y,visible,trajectory
0,1.211111111111111,0.21796875,0,0
