frame_num,x,y,visible,trajectory
0,0.8347222222222223,0.07421875,0,2
