frame_num,x,y,visible
0,0.8347222222222223,0.07421875,0
