frame_num,x,y,visible,trajectory
0,1.1458333333333333,0.21640625,0,0
