frame_num,x,y,visible
0,0.46328125,0.4527777777777778,0
