frame_num,x,y,visible
0,0.74296875,0.8388888888888889,0
