frame_num,x,y,visible
0,0.72421875,0.6430555555555556,0
