frame_num,x,y,visible
0,1.0791666666666666,0.16171875,0
