frame_num,x,y,visible
0,0.4671875,0.6472222222222223,0
