frame_num,x,y,visible
0,0.64296875,0.32222222222222224,0
