frame_num,x,y,visible
0,1.0569444444444445,0.22578125,0
