frame_num,x,y,visible
0,0.60078125,0.17777777777777778,0
