frame_num,x,y,visible
0,1.3319444444444444,0.48671875,0
