frame_num,x,y,visible
0,0.7041666666666667,0.0671875,0
