frame_num,x,y,visible
0,0.48671875,0.47638888888888886,0
