frame_num,x,y,visible
0,0.5390625,0.6013888888888889,0
