frame_num,x,y,visible
0,0.50234375,0.058333333333333334,0
