frame_num,x,y,visible
0,1.051388888888889,0.17890625,0
