frame_num,x,y,visible
0,0.640625,0.1486111111111111,0
