frame_num,x,y,visible
0,1.1333333333333333,0.23984375,0
