frame_num,x,y,visible
0,1.1208333333333333,0.15546875,0
