frame_num,x,y,visible
0,0.58125,0.4222222222222222,0
