frame_num,x,y,visible
0,0.8652777777777778,0.17421875,0
