frame_num,x,y,visible
0,0.68828125,0.6402777777777777,0
