frame_num,x,y,visible
0,0.34375,0.3541666666666667,0
