frame_num,x,y,visible
0,1.1430555555555555,0.271875,0
