frame_num,x,y,visible
0,0.38515625,0.24027777777777778,0
