frame_num,x,y,visible
0,0.54375,0.10277777777777777,0
