frame_num,x,y,visible
0,0.8916666666666667,0.24296875,0
