frame_num,x,y,visible
0,0.8930555555555556,0.0328125,0
