frame_num,x,y,visible
0,0.61875,0.3236111111111111,0
