frame_num,x,y,visible
0,0.49166666666666664,0.18125,0
