frame_num,x,y,visible
0,0.53359375,0.1527777777777778,0
