frame_num,x,y,visible
0,0.53671875,0.16944444444444445,0
