frame_num,x,y,visible
0,1.0819444444444444,0.1859375,0
