frame_num,x,y,visible
0,0.9388888888888889,0.3171875,0
