frame_num,x,y,visible
0,0.9527777777777777,0.0921875,0
