frame_num,x,y,visible
0,1.2041666666666666,0.2640625,0
