frame_num,x,y,visible
0,0.4796875,0.5097222222222222,0
