frame_num,x,y,visible
0,0.6763888888888889,0.140625,0
