frame_num,x,y,visible
0,0.72109375,0.6430555555555556,0
