frame_num,x,y,visible
0,0.37734375,0.6208333333333333,0
