frame_num,x,y,visible
0,0.76015625,0.9472222222222222,0
