frame_num,x,y,visible
0,0.5296875,0.15555555555555556,0
