frame_num,x,y,visible
0,0.65546875,0.3736111111111111,0
