frame_num,x,y,visible
0,1.2861111111111112,0.41875,0
