frame_num,x,y,visible
0,0.6765625,0.14027777777777778,0
