frame_num,x,y,visible
0,0.9222222222222223,0.1796875,0
