frame_num,x,y,visible
0,0.34921875,0.3347222222222222,0
