frame_num,x,y,visible
0,0.8319444444444445,0.25625,0
