frame_num,x,y,visible
0,0.534375,0.20555555555555555,0
