frame_num,x,y,visible
0,0.68828125,0.019444444444444445,0
