frame_num,x,y,visible
0,0.56171875,0.29444444444444445,0
