frame_num,x,y,visible
0,0.30625,0.5347222222222222,0
