frame_num,x,y,visible
0,0.52265625,0.16666666666666666,0
