frame_num,x,y,visible
0,0.3703125,0.2652777777777778,0
