frame_num,x,y,visible
0,0.8444444444444444,0.01953125,0
