frame_num,x,y,visible
0,0.55703125,0.23472222222222222,0
