frame_num,x,y,visible
0,0.73203125,0.8263888888888888,0
