frame_num,x,y,visible
0,0.56484375,0.5166666666666667,0
