frame_num,x,y,visible
0,1.2833333333333334,0.3578125,0
