frame_num,x,y,visible
0,0.7416666666666667,0.20390625,0
