frame_num,x,y,visible
0,1.2166666666666666,0.32265625,0
