frame_num,x,y,visible
0,0.9611111111111111,0.046875,0
