frame_num,x,y,visible
0,1.2916666666666667,0.39375,0
