frame_num,x,y,visible
0,0.621875,0.4027777777777778,0
