frame_num,x,y,visible
0,1.1652777777777779,0.21015625,0
