frame_num,x,y,visible
0,0.440625,0.24722222222222223,0
