frame_num,x,y,visible
0,0.53203125,0.25555555555555554,0
