frame_num,x,y,visible
0,0.38515625,0.5638888888888889,0
