frame_num,x,y,visible
0,0.5015625,0.43194444444444446,0
