frame_num,x,y,visible
0,0.51328125,0.26805555555555555,0
