frame_num,x,y,visible
0,1.1916666666666667,0.0765625,0
