frame_num,x,y,visible
0,0.8444444444444444,0.02265625,0
