frame_num,x,y,visible
0,0.31328125,0.49583333333333335,0
