frame_num,x,y,visible
0,0.753125,0.8930555555555556,0
