frame_num,x,y,visible
0,1.3333333333333333,0.49375,0
