frame_num,x,y,visible
0,0.8444444444444444,0.22109375,0
