frame_num,x,y,visible
0,0.4109375,0.5694444444444444,0
