frame_num,x,y,visible
0,0.721875,0.6361111111111111,0
