frame_num,x,y,visible
0,0.6140625,0.16527777777777777,0
