frame_num,x,y,visible
0,0.4640625,0.5041666666666667,0
