frame_num,x,y,visible
0,0.7265625,0.8166666666666667,0
