frame_num,x,y,visible
0,0.5984375,0.39861111111111114,0
