frame_num,x,y,visible
0,0.6921875,0.5430555555555555,0
