frame_num,x,y,visible
0,0.56328125,0.48055555555555557,0
