frame_num,x,y,visible
0,0.61640625,0.4013888888888889,0
