frame_num,x,y,visible
0,0.5421875,0.20972222222222223,0
