frame_num,x,y,visible
0,0.9333333333333333,0.02734375,0
