frame_num,x,y,visible
0,0.7111111111111111,0.06171875,0
