frame_num,x,y,visible
0,1.2680555555555555,0.30703125,0
