frame_num,x,y,visible
0,0.5359375,0.06666666666666667,0
