frame_num,x,y,visible
0,1.0569444444444445,0.290625,0
