frame_num,x,y,visible
0,0.38828125,0.19444444444444445,0
