frame_num,x,y,visible
0,0.4888888888888889,0.31953125,0
