frame_num,x,y,visible
0,0.7180555555555556,0.30859375,0
