frame_num,x,y,visible
0,0.35234375,0.31805555555555554,0
