frame_num,x,y,visible
0,0.746875,0.8569444444444444,0
