frame_num,x,y,visible
0,0.62890625,0.15555555555555556,0
