frame_num,x,y,visible
0,1.0527777777777778,0.20234375,0
