frame_num,x,y,visible
0,0.53046875,0.15833333333333333,0
