frame_num,x,y,visible
0,1.2694444444444444,0.359375,0
