frame_num,x,y,visible
0,1.1180555555555556,0.23203125,0
