frame_num,x,y,visible
0,0.51953125,0.5208333333333334,0
