frame_num,x,y,visible
0,0.74921875,0.8652777777777778,0
