frame_num,x,y,visible
0,0.5859375,0.4152777777777778,0
