frame_num,x,y,visible
0,0.684375,0.5736111111111111,0
