frame_num,x,y,visible
0,0.55390625,0.2388888888888889,0
