frame_num,x,y,visible
0,0.6555555555555556,0.39609375,0
