frame_num,x,y,visible
0,0.9986111111111111,0.165625,0
