frame_num,x,y,visible
0,0.68828125,0.011111111111111112,0
