frame_num,x,y,visible
0,0.47734375,0.04861111111111111,0
