frame_num,x,y,visible
0,0.396875,0.11666666666666667,0
