frame_num,x,y,visible
0,0.7513888888888889,0.18671875,0
