frame_num,x,y,visible
0,0.56328125,0.7097222222222223,0
