frame_num,x,y,visible
0,0.53046875,0.20694444444444443,0
