frame_num,x,y,visible
0,0.9416666666666667,0.13203125,0
