frame_num,x,y,visible
0,0.6546875,0.4666666666666667,0
