frame_num,x,y,visible
0,0.5296875,0.23472222222222222,0
