frame_num,x,y,visible
0,1.4208333333333334,0.33515625,0
