frame_num,x,y,visible
0,0.39765625,0.11388888888888889,0
