frame_num,x,y,visible
0,0.509375,0.05138888888888889,0
