frame_num,x,y,visible
0,0.571875,0.11805555555555555,0
