frame_num,x,y,visible
0,0.728125,0.8333333333333334,0
