frame_num,x,y,visible
0,0.66171875,0.4041666666666667,0
