frame_num,x,y,visible
0,0.60234375,0.45416666666666666,0
