frame_num,x,y,visible
0,0.53515625,0.15833333333333333,0
