frame_num,x,y,visible
0,0.32734375,0.4263888888888889,0
