frame_num,x,y,visible
0,1.2541666666666667,0.3765625,0
