frame_num,x,y,visible
0,0.36484375,0.2791666666666667,0
