frame_num,x,y,visible
0,0.52890625,0.25555555555555554,0
