frame_num,x,y,visible
0,1.0805555555555555,0.096875,0
