frame_num,x,y,visible
0,0.61484375,0.22083333333333333,0
