frame_num,x,y,visible
0,0.540625,0.10416666666666667,0
