frame_num,x,y,visible
0,0.3234375,0.5722222222222222,0
