frame_num,x,y,visible
0,0.67734375,0.14722222222222223,0
