frame_num,x,y,visible
0,0.4171875,0.36527777777777776,0
