frame_num,x,y,visible
0,0.69375,0.5388888888888889,0
