frame_num,x,y,visible
0,0.39609375,0.5680555555555555,0
