frame_num,x,y,visible
0,0.6902777777777778,0.10234375,0
