frame_num,x,y,visible
0,0.52890625,0.18611111111111112,0
