frame_num,x,y,visible
0,0.55546875,0.37083333333333335,0
