frame_num,x,y,visible
0,0.9472222222222222,0.25078125,0
