frame_num,x,y,visible
0,0.46640625,0.6041666666666666,0
