frame_num,x,y,visible
0,1.0402777777777779,0.13046875,0
