frame_num,x,y,visible
0,0.7069444444444445,0.36796875,0
