frame_num,x,y,visible
0,1.0638888888888889,0.22421875,0
