frame_num,x,y,visible
0,0.459375,0.42777777777777776,0
