frame_num,x,y,visible
0,0.46953125,0.13194444444444445,0
