frame_num,x,y,visible
0,0.9666666666666667,0.0578125,0
