frame_num,x,y,visible
0,1.0291666666666666,0.07265625,0
