frame_num,x,y,visible
0,1.0722222222222222,0.15625,0
