frame_num,x,y,visible
0,0.71328125,0.5458333333333333,0
