frame_num,x,y,visible
0,0.47421875,0.043055555555555555,0
