frame_num,x,y,visible
0,0.4953125,0.10555555555555556,0
