frame_num,x,y,visible
0,1.2416666666666667,0.2390625,0
