frame_num,x,y,visible
0,0.6109375,0.20555555555555555,0
