frame_num,x,y,visible
0,0.3765625,0.6777777777777778,0
