frame_num,x,y,visible
0,0.59375,0.18611111111111112,0
