frame_num,x,y,visible
0,0.6680555555555555,0.14375,0
