frame_num,x,y,visible
0,0.60859375,0.3958333333333333,0
