frame_num,x,y,visible
0,1.3402777777777777,0.53671875,0
