frame_num,x,y,visible
0,0.38984375,0.6277777777777778,0
