frame_num,x,y,visible
0,0.9638888888888889,0.05078125,0
