frame_num,x,y,visible
0,0.64921875,0.4486111111111111,0
