frame_num,x,y,visible
0,0.5890625,0.40694444444444444,0
