frame_num,x,y,visible
0,0.74453125,0.9013888888888889,0
