frame_num,x,y,visible
0,0.8513888888888889,0.30703125,0
