frame_num,x,y,visible
0,0.321875,0.4583333333333333,0
