frame_num,x,y,visible
0,0.45390625,0.5069444444444444,0
