frame_num,x,y,visible
0,0.5569444444444445,0.27890625,0
