frame_num,x,y,visible
0,0.8013888888888889,0.196875,0
