frame_num,x,y,visible
0,0.4640625,0.4652777777777778,0
