frame_num,x,y,visible
0,0.73515625,0.8222222222222222,0
