frame_num,x,y,visible
0,0.5484375,0.24722222222222223,0
