frame_num,x,y,visible
0,0.48359375,0.08194444444444444,0
