frame_num,x,y,visible
0,0.6027777777777777,0.2109375,0
