frame_num,x,y,visible
0,0.8180555555555555,0.09296875,0
