frame_num,x,y,visible
0,1.2902777777777779,0.371875,0
