frame_num,x,y,visible
0,0.44921875,0.5111111111111111,0
