frame_num,x,y,visible
0,0.3609375,0.5583333333333333,0
