frame_num,x,y,visible
0,1.2930555555555556,0.4703125,0
