frame_num,x,y,visible
0,0.9708333333333333,0.1421875,0
