frame_num,x,y,visible
0,0.38984375,0.16944444444444445,0
