frame_num,x,y,visible
0,0.7833333333333333,0.1390625,0
