frame_num,x,y,visible
0,0.6796875,0.15694444444444444,0
