frame_num,x,y,visible
0,0.490625,0.3486111111111111,0
