frame_num,x,y,visible
0,0.5296875,0.2763888888888889,0
