frame_num,x,y,visible
0,0.71171875,0.6861111111111111,0
