frame_num,x,y,visible
0,0.65234375,0.14166666666666666,0
