frame_num,x,y,visible
0,0.4421875,0.5152777777777777,0
