frame_num,x,y,visible
0,0.621875,0.16111111111111112,0
