frame_num,x,y,visible
0,0.43046875,0.5319444444444444,0
