frame_num,x,y,visible
0,0.5296875,0.17222222222222222,0
