frame_num,x,y,visible
0,0.46805555555555556,0.16875,0
