frame_num,x,y,visible
0,0.8069444444444445,0.240625,0
