frame_num,x,y,visible
0,0.8555555555555555,0.20625,0
