frame_num,x,y,visible
0,0.71953125,0.6555555555555556,0
