frame_num,x,y,visible
0,0.66640625,0.6055555555555555,0
