frame_num,x,y,visible
0,0.72421875,0.6888888888888889,0
