frame_num,x,y,visible
0,0.68359375,0.14305555555555555,0
