frame_num,x,y,visible
0,0.53515625,0.20694444444444443,0
