frame_num,x,y,visible
0,0.56171875,0.10555555555555556,0
