frame_num,x,y,visible
0,1.2152777777777777,0.08046875,0
