frame_num,x,y,visible
0,0.46015625,0.16527777777777777,0
