frame_num,x,y,visible
0,0.36796875,0.5583333333333333,0
