frame_num,x,y,visible
0,0.9847222222222223,0.134375,0
