frame_num,x,y,visible
0,0.3984375,0.47638888888888886,0
