frame_num,x,y,visible
0,0.6930555555555555,0.0953125,0
