frame_num,x,y,visible
0,0.40078125,0.1111111111111111,0
