frame_num,x,y,visible
0,1.0013888888888889,0.39921875,0
