frame_num,x,y,visible
0,0.53671875,0.1763888888888889,0
