frame_num,x,y,visible
0,0.8486111111111111,0.02421875,0
