frame_num,x,y,visible
0,0.49921875,0.06388888888888888,0
