frame_num,x,y,visible
0,0.57109375,0.6333333333333333,0
