frame_num,x,y,visible
0,0.75546875,0.9111111111111111,0
