frame_num,x,y,visible
0,0.9666666666666667,0.05390625,0
