frame_num,x,y,visible
0,1.2805555555555554,0.36328125,0
