frame_num,x,y,visible
0,0.36875,0.7055555555555556,0
