frame_num,x,y,visible
0,0.8861111111111111,0.18671875,0
