frame_num,x,y,visible
0,0.53359375,0.2722222222222222,0
