frame_num,x,y,visible
0,0.9319444444444445,0.31015625,0
