frame_num,x,y,visible
0,0.55546875,0.10138888888888889,0
