frame_num,x,y,visible
0,0.4828125,0.09444444444444444,0
