frame_num,x,y,visible
0,1.5611111111111111,0.3703125,0
