frame_num,x,y,visible
0,0.39296875,0.14166666666666666,0
