frame_num,x,y,visible
0,0.38359375,0.24861111111111112,0
