frame_num,x,y,visible
0,1.0847222222222221,0.3859375,0
