frame_num,x,y,visible
0,0.6736111111111112,0.1421875,0
