frame_num,x,y,visible
0,1.0444444444444445,0.109375,0
