frame_num,x,y,visible
0,0.39375,0.12916666666666668,0
