frame_num,x,y,visible
0,0.55078125,0.6486111111111111,0
