frame_num,x,y,visible
0,0.68828125,0.001388888888888889,0
