frame_num,x,y,visible
0,0.5765625,0.7763888888888889,0
