frame_num,x,y,visible
0,0.52421875,0.5513888888888889,0
