frame_num,x,y,visible
0,0.31640625,0.5791666666666667,0
