frame_num,x,y,visible
0,0.465625,0.14722222222222223,0
