frame_num,x,y,visible
0,0.5421875,0.2569444444444444,0
