frame_num,x,y,visible
0,1.0166666666666666,0.06640625,0
