frame_num,x,y,visible
0,0.603125,0.3972222222222222,0
