frame_num,x,y,visible
0,0.5671875,0.3472222222222222,0
