frame_num,x,y,visible
0,0.534375,0.15555555555555556,0
