frame_num,x,y,visible
0,0.4984375,0.37777777777777777,0
