frame_num,x,y,visible
0,0.61328125,0.5041666666666667,0
