frame_num,x,y,visible
0,0.39765625,0.4777777777777778,0
