frame_num,x,y,visible
0,0.54453125,0.6208333333333333,0
