frame_num,x,y,visible
0,1.0027777777777778,0.12578125,0
