frame_num,x,y,visible
0,1.0152777777777777,0.35625,0
