frame_num,x,y,visible
0,0.5722222222222222,0.2578125,0
