frame_num,x,y,visible
0,1.1166666666666667,0.2265625,0
