frame_num,x,y,visible
0,0.93671875,0.7166666666666667,0
