frame_num,x,y,visible
0,0.63046875,0.2763888888888889,0
