frame_num,x,y,visible
0,0.38203125,0.5611111111111111,0
