frame_num,x,y,visible
0,0.75546875,0.5680555555555555,0
