frame_num,x,y,visible
0,1.3041666666666667,0.46328125,0
