frame_num,x,y,visible
0,0.4109375,0.5708333333333333,0
