frame_num,x,y,visible
0,0.5444444444444444,0.30078125,0
