frame_num,x,y,visible
0,0.5671875,0.36666666666666664,0
