frame_num,x,y,visible
0,0.85078125,0.6361111111111111,0
