frame_num,x,y,visible
0,0.29765625,0.5847222222222223,0
