frame_num,x,y,visible
0,0.6722222222222223,0.3484375,0
