frame_num,x,y,visible
0,0.66875,0.4361111111111111,0
