frame_num,x,y,visible
0,0.5296875,0.2652777777777778,0
