frame_num,x,y,visible
0,0.53984375,0.07777777777777778,0
