frame_num,x,y,visible
0,0.9402777777777778,0.09140625,0
