frame_num,x,y,visible
0,0.5819444444444445,0.23984375,0
