frame_num,x,y,visible
0,0.53828125,0.07222222222222222,0
