frame_num,x,y,visible
0,0.52890625,0.32916666666666666,0
