frame_num,x,y,visible
0,0.7611111111111111,0.296875,0
