frame_num,x,y,visible
0,0.8402777777777778,0.203125,0
