frame_num,x,y,visible
0,0.77890625,0.5805555555555556,0
