frame_num,x,y,visible
0,0.6916666666666667,0.31796875,0
