frame_num,x,y,visible
0,0.72421875,0.7152777777777778,0
