frame_num,x,y,visible
0,0.72734375,0.8361111111111111,0
