frame_num,x,y,visible
0,1.0083333333333333,0.1953125,0
