frame_num,x,y,visible
0,1.1263888888888889,0.08515625,0
