frame_num,x,y,visible
0,1.2777777777777777,0.378125,0
