frame_num,x,y,visible
0,0.740625,0.8319444444444445,0
