frame_num,x,y,visible
0,0.8736111111111111,0.24140625,0
