frame_num,x,y,visible
0,0.33359375,0.39861111111111114,0
