frame_num,x,y,visible
0,0.5296875,0.05277777777777778,0
