frame_num,x,y,visible
0,0.665625,0.5027777777777778,0
