frame_num,x,y,visible
0,0.6541666666666667,0.3140625,0
