frame_num,x,y,visible
0,1.086111111111111,0.115625,0
