frame_num,x,y,visible
0,0.8527777777777777,0.28671875,0
