frame_num,x,y,visible
0,1.0708333333333333,0.25546875,0
