frame_num,x,y,visible
0,0.37265625,0.32916666666666666,0
