frame_num,x,y,visible
0,0.9791666666666666,0.36484375,0
