frame_num,x,y,visible
0,0.709375,0.6013888888888889,0
