frame_num,x,y,visible
0,0.5359375,0.26944444444444443,0
