frame_num,x,y,visible
0,0.53359375,0.6402777777777777,0
