frame_num,x,y,visible
0,0.4171875,0.6194444444444445,0
