frame_num,x,y,visible
0,0.5421875,0.2263888888888889,0
