frame_num,x,y,visible
0,0.4609375,0.23055555555555557,0
