frame_num,x,y,visible
0,0.39765625,0.6541666666666667,0
