frame_num,x,y,visible
0,0.6140625,0.31527777777777777,0
