frame_num,x,y,visible
0,1.1944444444444444,0.2953125,0
