frame_num,x,y,visible
0,0.62265625,0.35555555555555557,0
