frame_num,x,y,visible
0,0.66328125,0.5486111111111112,0
