frame_num,x,y,visible
0,0.9555555555555556,0.06015625,0
