frame_num,x,y,visible
0,1.0041666666666667,0.290625,0
