frame_num,x,y,visible
0,0.73046875,0.6416666666666667,0
