frame_num,x,y,visible
0,0.7972222222222223,0.19140625,0
