frame_num,x,y,visible
0,0.9083333333333333,0.20859375,0
