frame_num,x,y,visible
0,1.3166666666666667,0.46796875,0
