frame_num,x,y,visible
0,1.1888888888888889,0.2453125,0
