frame_num,x,y,visible
0,0.9097222222222222,0.27265625,0
