frame_num,x,y,visible
0,1.0222222222222221,0.38046875,0
