frame_num,x,y,visible
0,0.5109375,0.37083333333333335,0
