frame_num,x,y,visible
0,0.5640625,0.34444444444444444,0
