frame_num,x,y,visible
0,0.9513888888888888,0.11640625,0
