frame_num,x,y,visible
0,1.0180555555555555,0.23125,0
