frame_num,x,y,visible
0,1.2277777777777779,0.25234375,0
