frame_num,x,y,visible
0,0.453125,0.19722222222222222,0
