frame_num,x,y,visible
0,0.6328125,0.25277777777777777,0
