frame_num,x,y,visible
0,0.41171875,0.24027777777777778,0
