frame_num,x,y,visible
0,0.65390625,0.3611111111111111,0
