frame_num,x,y,visible
0,0.8597222222222223,0.04609375,0
