frame_num,x,y,visible
0,0.34296875,0.6597222222222222,0
