frame_num,x,y,visible
0,0.4515625,0.2777777777777778,0
