frame_num,x,y,visible
0,0.55234375,0.24305555555555555,0
