frame_num,x,y,visible
0,0.53203125,0.14444444444444443,0
