frame_num,x,y,visible
0,0.54453125,0.41805555555555557,0
