frame_num,x,y,visible
0,0.9861111111111112,0.2296875,0
