frame_num,x,y,visible
0,0.58515625,0.23194444444444445,0
