frame_num,x,y,visible
0,0.46328125,0.3416666666666667,0
