frame_num,x,y,visible
0,0.35546875,0.5819444444444445,0
