frame_num,x,y,visible
0,0.5328125,0.44583333333333336,0
