frame_num,x,y,visible
0,0.21328125,0.6888888888888889,0
