frame_num,x,y,visible
0,0.45859375,0.22083333333333333,0
